{"北京": [39.910924, 116.413387], "天津": [39.091103, 117.208091], "河北": [38.0432, 114.536594], "山西": [37.879831, 112.569376], "内蒙古": [40.823156, 111.772606], "辽宁": [41.841466, 123.435594], "吉林": [43.843566, 126.555634], "黑龙江": [45.74793, 126.669656], "上海": [31.235929, 121.48054], "江苏": [32.066777, 118.769553], "浙江": [30.271549, 120.159537], "安徽": [31.734294, 117.330539], "福建": [26.10634, 119.302446], "江西": [28.68169, 115.915421], "山东": [36.674857, 117.027442], "河南": [34.771713, 113.75938], "湖北": [30.5516, 114.348443], "湖南": [28.118269, 112.989604], "广东": [23.137949, 113.272426], "广西": [22.821268, 108.334522], "海南": [20.025802, 110.355538], "重庆": [29.568996, 106.558437], "四川": [30.577544, 104.073463], "贵州": [26.604029, 106.714473], "云南": [25.051562, 102.71642], "西藏": [29.652894, 91.124344], "陕西": [34.275807, 108.960389], "甘肃": [36.065466, 103.832475], "青海": [36.627158, 101.786458], "宁夏": [38.476878, 106.265607], "新疆": [43.799236, 87.633475]}