{"﻿阿富汗": [33.93911, 67.709953], "阿尔巴尼亚": [41.153332, 20.168331], "阿尔及利亚": [28.033886, 1.659626], "美属萨摩亚": [-14.270972, -170.132217], "安道尔": [42.546245, 1.601554], "安哥拉": [-11.202692, 17.873887], "安圭拉": [18.220554, -63.068615], "南极洲": [-75.250973, -0.071389], "安提瓜和巴布达": [17.060816, -61.796428], "阿根廷": [-38.416097, -63.616672], "亚美尼亚": [40.069099, 45.038189], "阿鲁巴": [12.52111, -69.968338], "澳大利亚": [-25.274398, 133.775136], "奥地利": [47.516231, 14.550072], "阿塞拜疆": [40.143105, 47.576927], "巴哈马": [25.03428, -77.39628], "巴林": [25.930414, 50.637772], "孟加拉国": [23.684994, 90.356331], "巴巴多斯": [13.193887, -59.543198], "白俄罗斯": [53.709807, 27.953389], "比利时": [50.503887, 4.469936], "伯利兹": [17.189877, -88.49765], "贝宁": [9.30769, 2.315834], "百慕大": [32.321384, -64.75737], "不丹": [27.514162, 90.433601], "玻利维亚": [-16.290154, -63.588653], "波黑": [43.915886, 17.679076], "博茨瓦纳": [-22.328474, 24.684866], "布维岛": [-54.423199, 3.413194], "巴西": [-14.235004, -51.92528], "英属印度洋领地": [-6.343194, 71.876519], "文莱": [4.535277, 114.727669], "保加利亚": [42.733883, 25.48583], "布基纳法索": [12.238333, -1.561593], "布隆迪": [-3.373056, 29.918886], "柬埔寨": [12.565679, 104.990963], "喀麦隆": [7.369722, 12.354722], "加拿大": [56.130366, -106.346771], "佛得角": [16.002082, -24.013197], "开曼群岛": [19.513469, -80.566956], "中非": [6.611111, 20.939444], "乍得": [15.454166, 18.732207], "智利": [-35.675147, -71.542969], "中国": [35.86166, 104.195397], "圣诞岛": [-10.447525, 105.690449], "科科斯（基林）群岛": [-12.164165, 96.870956], "哥伦比亚": [4.570868, -74.297333], "科摩罗": [-11.875001, 43.872219], "刚果（布）": [-0.228021, 15.827659], "刚果（金）": [-4.038333, 21.758664], "库克群岛": [-21.236736, -159.777671], "哥斯达黎加": [9.748917, -83.753428], "科特迪瓦": [7.539989, -5.54708], "克罗地亚": [45.1, 15.2], "古巴": [21.521757, -77.781167], "塞浦路斯": [35.126413, 33.429859], "捷克": [49.817492, 15.472962], "丹麦": [56.26392, 9.501785], "吉布提": [11.825138, 42.590275], "多米尼克": [15.414999, -61.370976], "多米尼加": [18.735693, -70.162651], "厄瓜多尔": [-1.831239, -78.183406], "埃及": [26.820553, 30.802498], "萨尔瓦多": [13.794185, -88.89653], "赤道几内亚": [1.650801, 10.267895], "厄立特里亚": [15.179384, 39.782334], "爱沙尼亚": [58.595272, 25.013607], "埃塞俄比亚": [9.145, 40.489673], "福克兰群岛（马尔维纳斯）": [-51.796253, -59.523613], "法罗群岛": [61.892635, -6.911806], "斐济": [-16.578193, 179.414413], "芬兰": [61.92411, 25.748151], "法国": [46.227638, 2.213749], "法属圭亚那": [3.933889, -53.125782], "法属波利尼西亚": [-17.679742, -149.406843], "法属南部领地": [-49.280366, 69.348557], "加蓬": [-0.803689, 11.609444], "冈比亚": [13.443182, -15.310139], "格鲁吉亚": [42.315407, 43.356892], "德国": [51.165691, 10.451526], "加纳": [7.946527, -1.023194], "直布罗陀": [36.137741, -5.345374], "希腊": [39.074208, 21.824312], "格陵兰": [71.706936, -42.604303], "格林纳达": [12.262776, -61.604171], "瓜德罗普": [16.995971, -62.067641], "关岛": [13.444304, 144.793731], "危地马拉": [15.783471, -90.230759], "格恩西岛": [49.465691, -2.585278], "几内亚": [9.945587, -9.696645], "几内亚比绍": [11.803749, -15.180413], "圭亚那": [4.860416, -58.93018], "海地": [18.971187, -72.285215], "赫德岛和麦克唐纳岛": [-53.08181, 73.504158], "梵蒂冈": [41.902916, 12.453389], "洪都拉斯": [15.199999, -86.241905], "香港": [22.396428, 114.109497], "匈牙利": [47.162494, 19.503304], "冰岛": [64.963051, -19.020835], "印度": [20.593684, 78.96288], "印度尼西亚": [-0.789275, 113.921327], "伊朗": [32.427908, 53.688046], "伊拉克": [33.223191, 43.679291], "爱尔兰": [53.41291, -8.24389], "英国属地曼岛": [54.236107, -4.548056], "以色列": [31.046051, 34.851612], "意大利": [41.87194, 12.56738], "牙买加": [18.109581, -77.297508], "日本": [36.204824, 138.252924], "泽西岛": [49.214439, -2.13125], "约旦": [30.585164, 36.238414], "哈萨克斯坦": [48.019573, 66.923684], "肯尼亚": [-0.023559, 37.906193], "基里巴斯": [-3.370417, -168.734039], "朝鲜": [40.339852, 127.510093], "韩国": [35.907757, 127.766922], "科威特": [29.31166, 47.481766], "吉尔吉斯斯坦": [41.20438, 74.766098], "老挝": [19.85627, 102.495496], "拉脱维亚": [56.879635, 24.603189], "黎巴嫩": [33.854721, 35.862285], "莱索托": [-29.609988, 28.233608], "利比里亚": [6.428055, -9.429499], "利比亚": [26.3351, 17.228331], "列支敦士登": [47.166, 9.555373], "立陶宛": [55.169438, 23.881275], "卢森堡": [49.815273, 6.129583], "澳门": [22.198745, 113.543873], "前南马其顿": [41.608635, 21.745275], "马达加斯加": [-18.766947, 46.869107], "马拉维": [-13.254308, 34.301525], "马来西亚": [4.210484, 101.975766], "马尔代夫": [3.202778, 73.22068], "马里": [17.570692, -3.996166], "马耳他": [35.937496, 14.375416], "马绍尔群岛": [7.131474, 171.184478], "马提尼克": [14.641528, -61.024174], "毛利塔尼亚": [21.00789, -10.940835], "毛里求斯": [-20.348404, 57.552152], "马约特": [-12.8275, 45.166244], "墨西哥": [23.634501, -102.552784], "密克罗尼西亚联邦": [7.425554, 150.550812], "摩尔多瓦": [47.411631, 28.369885], "摩纳哥": [43.750298, 7.412841], "蒙古": [46.862496, 103.846656], "黑山": [42.708678, 19.37439], "蒙特塞拉特": [16.742498, -62.187366], "摩洛哥": [31.791702, -7.09262], "莫桑比克": [-18.665695, 35.529562], "缅甸": [21.913965, 95.956223], "纳米比亚": [-22.95764, 18.49041], "瑙鲁": [-0.522778, 166.931503], "尼泊尔": [28.394857, 84.124008], "荷兰": [52.132633, 5.291266], "荷属安的列斯": [12.226079, -69.060087], "新喀里多尼亚": [-20.904305, 165.618042], "新西兰": [-40.900557, 174.885971], "尼加拉瓜": [12.865416, -85.207229], "尼日尔": [17.607789, 8.081666], "尼日利亚": [9.081999, 8.675277], "纽埃": [-19.054445, -169.867233], "诺福克岛": [-29.040835, 167.954712], "北马里亚纳": [17.33083, 145.38469], "挪威": [60.472024, 8.468946], "阿曼": [21.512583, 55.923255], "巴基斯坦": [30.375321, 69.345116], "帕劳": [7.51498, 134.58252], "巴勒斯坦": [31.952162, 35.233154], "巴拿马": [8.537981, -80.782127], "巴布亚新几内亚": [-6.314993, 143.95555], "巴拉圭": [-23.442503, -58.443832], "秘鲁": [-9.189967, -75.015152], "菲律宾": [12.879721, 121.774017], "皮特凯恩": [-24.703615, -127.439308], "波兰": [51.919438, 19.145136], "葡萄牙": [39.399872, -8.224454], "波多黎各": [18.220833, -66.590149], "卡塔尔": [25.354826, 51.183884], "留尼汪": [-21.115141, 55.536384], "罗马尼亚": [45.943161, 24.96676], "俄罗斯联邦": [61.52401, 105.318756], "卢旺达": [-1.940278, 29.873888], "圣赫勒拿": [-24.143474, -10.030696], "圣基茨和尼维斯": [17.357822, -62.782998], "圣卢西亚": [13.909444, -60.978893], "圣皮埃尔和密克隆": [46.941936, -56.27111], "圣文森特和格林纳丁斯": [12.984305, -61.287228], "萨摩亚": [-13.759029, -172.104629], "圣马力诺": [43.94236, 12.457777], "圣多美和普林西比": [0.18636, 6.613081], "沙特阿拉伯": [23.885942, 45.079162], "塞内加尔": [14.497401, -14.452362], "塞尔维亚": [44.016521, 21.005859], "塞舌尔": [-4.679574, 55.491977], "塞拉利昂": [8.460555, -11.779889], "新加坡": [1.352083, 103.819836], "斯洛伐克": [48.669026, 19.699024], "斯洛文尼亚": [46.151241, 14.995463], "所罗门群岛": [-9.64571, 160.156194], "索马里": [5.152149, 46.199616], "南非": [-30.559482, 22.937506], "南乔治亚岛和南桑德韦奇岛": [-54.429579, -36.587909], "西班牙": [40.463667, -3.74922], "斯里兰卡": [7.873054, 80.771797], "苏丹": [12.862807, 30.217636], "苏里南": [3.919305, -56.027783], "斯瓦尔巴岛和扬马延岛": [77.553604, 23.670272], "斯威士兰": [-26.522503, 31.465866], "瑞典": [60.128161, 18.643501], "瑞士": [46.818188, 8.227512], "叙利亚": [34.802075, 38.996815], "台湾": [23.69781, 120.960515], "塔吉克斯坦": [38.861034, 71.276093], "坦桑尼亚": [-6.369028, 34.888822], "泰国": [15.870032, 100.992541], "东帝汶": [-8.874217, 125.727539], "多哥": [8.619543, 0.824782], "托克劳": [-8.967363, -171.855881], "汤加": [-21.178986, -175.198242], "特立尼达和多巴哥": [10.691803, -61.222503], "突尼斯": [33.886917, 9.537499], "土耳其": [38.963745, 35.243322], "土库曼斯坦": [38.969719, 59.556278], "特克斯和凯科斯群岛": [21.694025, -71.797928], "图瓦卢": [-7.109535, 177.64933], "乌干达": [1.373333, 32.290275], "乌克兰": [48.379433, 31.16558], "阿联酋": [23.424076, 53.847818], "英国": [55.378051, -3.435973], "美国": [37.09024, -95.712891], "乌拉圭": [-32.522779, -55.765835], "乌兹别克斯坦": [41.377491, 64.585262], "瓦努阿图": [-15.376706, 166.959158], "委内瑞拉": [6.42375, -66.58973], "越南": [14.058324, 108.277199], "英属维尔京群岛": [18.420695, -64.639968], "美属维尔京群岛": [18.335765, -64.896335], "瓦利斯和富图纳": [-13.768752, -177.156097], "西撒哈拉": [24.215527, -12.885834], "也门": [15.552727, 48.516388], "赞比亚": [-13.133897, 27.849332], "津巴布韦": [-19.015438, 29.154857]}